54.62,43.523,,
52.694,42.75,,
53.253,43.024,,
54.925,42.624,,
54.973,43.98,,
52.967,42.955,,
55.143,40.238,,
53.071,44.896,,
55.71,44.219,,
54.459,43.964,,
54.467,44.351,,
53.57,41.898,,
55.155,43.399,,
54.051,41.019,,
55.335,44.023,,
54.449,42.872,,
53.399,42.273,,
54.241,43.58,,
56,41.71,,
53.204,42.63,,
54.524,42.904,,
55.665,44.1,,
55.829,40.78,,
54.059,42.096,,
53.106,42.771,,
54.427,43.777,,
55.368,41.828,,
53.927,45.077,,
55.278,44.081,,
55.909,41.497,,
53.344,42.929,,
55.095,42.443,,
55.645,43.363,,
55.718,43.777,,
57.115,44.424,,
54.963,44.875,,
54.483,43.594,,
54.543,44.843,,
54.263,39.356,,
53.992,42.499,,
54.729,40.311,,
55.013,44.589,,
53.332,43.782,,
52.627,41.645,,
57.103,40.709,,
54.352,42.52,,
50.478,42.084,,
54.849,41.733,,
53.055,42.31,,
55.191,42.127,,
51.936,41.784,,
54.594,44.345,,
52.164,42.65,,
56.302,42.288,,
52.913,44.156,,
53.697,46.311,,
53.582,40.916,,
52.993,40.89,,
54.222,43.822,,
52.221,43.49,,
55.062,44.521,,
52.46,42.366,,
54.341,45.492,,
52.195,42.091,,
53.141,41.774,,
53.476,41.355,,
54.256,44.048,,
56.036,42.102,,
54.916,42.689,,
53.42,44.299,,
54.924,42.079,,
56.208,41.204,,
53.855,42.912,,
55.078,42.668,,
52.975,43.407,,
52.526,43.275,,
56.191,42.928,,
56.569,44.022,,
53.73,42.3,,
56.749,45.529,,
55.281,42.586,,
56.338,39.718,,
52.456,43.21,,
55.388,42.905,,
55.983,42.644,,
54.325,45.723,,
52.346,41.845,,
52.745,42.741,,
54.393,42.416,,
53.106,42.336,,
56.285,41.221,,
54.064,41.409,,
53.703,44.027,,
54.179,45.588,,
55.395,42.014,,
53.023,46.128,,
56.83,40.997,,
57.981,42.287,,
52.898,41.098,,
54.307,42.992,,
55.303,44.416,,
52.517,43.287,,
53.727,41.735,,
55.346,40.987,,
53.531,43.995,,
54.225,40.013,,
54.111,43.711,,
55.977,44.177,,
55.227,44.206,,
52.351,45.876,,
49.952,42.514,,
55.911,44.667,,
55.825,42.139,,
53.832,43.983,,
54.353,42.453,,
50.548,44.199,,
54.329,44.001,,
54.691,42.918,,
54.026,42.248,,
54.14,42.328,,
54.032,42.111,,
54.556,42.397,,
55.092,43.404,,
54.417,42.391,,
57.398,41.217,,
55.169,42.237,,
53.973,44.112,,
53.795,43.67,,
52.409,41.34,,
51.167,45.741,,
56.804,43.627,,
56.299,42.413,,
55.062,43.027,,
54.716,43.766,,
54.943,41.966,,
57.196,43.284,,
54.033,40.367,,
56.416,42.968,,
56.087,43.599,,
54.414,44.613,,
52.304,42.213,,
57.416,43.226,,
54.876,42.5,,
52.495,41.064,,
54.272,43.145,,
55.984,40.501,,
53.322,41.799,,
55.053,43.347,,
54.308,42.602,,
54.091,44.335,,
50.545,49.343,,
50.711,50.227,,
49.983,48.3,,
51.327,46.829,,
53.98,49.207,,
52.846,50.052,,
51.816,47.204,,
51.421,49.806,,
49.762,47.21,,
51.564,50.111,,
51.541,48.433,,
54.602,50.309,,
51.116,48.104,,
53.307,51.015,,
51.683,49.283,,
51.485,48.75,,
52.477,50.139,,
52.872,50.375,,
54.275,48.58,,
51.46,49.224,,
52.073,50.583,,
50.778,50.832,,
52.994,49.958,,
52.103,49.204,,
51.076,50.44,,
49.868,50.597,,
51.122,48.724,,
53.609,48.195,,
50.862,48.277,,
50.697,47.557,,
52.531,50.046,,
51.759,49.073,,
50.162,50.113,,
51.046,51.417,,
52.256,47.563,,
54.748,47.435,,
51.069,50.726,,
53.561,46.928,,
50.745,51.221,,
51.125,52.196,,
49.63,48.514,,
53.771,49.411,,
50.498,50.993,,
52.768,50.43,,
51.476,50.875,,
50.128,50.117,,
49.685,48.605,,
49.164,46.821,,
51.674,48.858,,
50.23,49.055,,
53.145,48.166,,
50.617,48.69,,
53.365,47.853,,
53.322,49.129,,
52.899,49.148,,
53.498,48.141,,
50.423,47.832,,
51.377,48.123,,
50.843,49.836,,
51.344,48.631,,
52.62,47.208,,
53.3,49.981,,
53.3,50.101,,
51.333,48.502,,
52.533,48.519,,
49.164,49.656,,
52.172,50.246,,
52.323,49.316,,
49.154,48.565,,
50.651,49.838,,
50.835,50.099,,
53.742,49.907,,
50.691,50.499,,
51.354,46.853,,
50.952,49.346,,
52.105,49.253,,
52.045,48.784,,
51.808,47.875,,
51.536,50.378,,
52.08,46.732,,
51.189,50.434,,
51.798,48.228,,
51.985,49.754,,
53.241,53.42,,
52.899,48.633,,
54.09,49.415,,
51.91,50.787,,
51.162,51.612,,
52.155,50.267,,
49.469,49.205,,
51.308,49.63,,
50.307,51.082,,
50.059,45.731,,
50.244,48.477,,
48.977,47.71,,
48.661,50.836,,
51.554,51.79,,
51.397,50.323,,
52.757,50.13,,
52.164,47.191,,
51.089,48.855,,
52.166,48.385,,
52.613,50.446,,
51.235,49.14,,
50.455,50.713,,
52.393,49.486,,
51.011,48.58,,
51.294,48.648,,
52.558,50.207,,
53.182,51.978,,
53.694,51.985,,
50.822,48.48,,
50.663,49.713,,
49.538,51.625,,
53.264,48.831,,
51.545,48.362,,
51.808,52.179,,
53.242,51.473,,
49.352,49.577,,
51.61,48.965,,
48.381,48.106,,
48.715,49.479,,
50.929,50.25,,
50.452,48.945,,
52.903,49.65,,
52.902,50.105,,
50.369,49.615,,
51.003,48.693,,
51.586,49.17,,
52.214,50.324,,
51.815,49.375,,
50.015,49.385,,
49.968,44.951,,
51.274,51.159,,
50.139,48.24,,
51.568,48.212,,
52.094,49.427,,
53.771,49.868,,
52.696,51.309,,
51.353,50.271,,
52.11,48.679,,
53.065,49.559,,
51.243,49.471,,
49.158,47.569,,
51.589,53.212,,
50.716,50.226,,
52.917,51.056,,
52.046,47.422,,
50.183,48.147,,
49.685,50.701,,
59.637,45.811,,
60.147,45.082,,
60.025,50.54,,
62.099,45.862,,
62.457,44.344,,
60.734,45.976,,
61.654,45.375,,
62.737,46.856,,
59.434,45.767,,
61.383,46.454,,
59.18,45.359,,
62.661,46.734,,
61.93,45.278,,
61.909,46.072,,
63.957,47.753,,
62.033,45.635,,
58.244,45.992,,
61.159,45.013,,
61.495,46.965,,
62.011,48.87,,
59.014,46.813,,
59.953,46.852,,
61.075,46.38,,
59.978,45.921,,
63.518,45.366,,
60.662,45.183,,
61.917,49.59,,
58.162,45.461,,
58.656,47.841,,
60.103,43.554,,
61.36,46.709,,
61.576,48.371,,
59.026,46.292,,
61.555,46.519,,
63.261,45.819,,
61.252,48.636,,
60.366,46.199,,
59.988,48.268,,
62.906,45.197,,
59.397,44.267,,
61.898,46.911,,
62.684,47.619,,
62.113,46.253,,
61.034,48.519,,
60.097,49.612,,
59.797,43.693,,
61.5,44.023,,
58.569,46.086,,
62.098,48.364,,
60.135,46.592,,
63.119,45.688,,
61.016,47.793,,
60.779,47.519,,
61.53,46.159,,
62.512,46.476,,
59.835,47.222,,
59.495,47.409,,
58.468,48.906,,
57.948,47.995,,
59.107,48.912,,
61.258,46.064,,
59.691,47.572,,
59.628,46.865,,
60.173,48.289,,
61.201,45.635,,
62.4,45.584,,
59.578,48.612,,
61.786,44.837,,
60.755,44.937,,
61.942,46.526,,
61.501,45.67,,
59.458,47.43,,
60.63,47.285,,
59.37,48.566,,
59.677,46.828,,
62.217,43.734,,
59.962,46.14,,
59.247,43.976,,
62.951,43.581,,
64.197,46.477,,
58.954,45.292,,
62.13,43.638,,
61.766,44.822,,
61.211,44.484,,
62.982,45.314,,
60.461,46.738,,
61.434,46.27,,
60.185,48.738,,
60.602,44.756,,
62.991,49.882,,
60.817,46.35,,
59.524,46.701,,
61.589,48.446,,
63.76,44.658,,
62.292,48.885,,
63.074,47.51,,
60.573,45.064,,
62.195,46.716,,
58.99,47.402,,
58.73,46.167,,
61.872,46.473,,
62.583,48.197,,
63.311,44.483,,
61.267,46.01,,
59.364,48.273,,
61.827,44.599,,
58.938,46.819,,
60.129,46.161,,
56.623,47.837,,
60.47,45.222,,
61.691,45.495,,
60.109,43.495,,
58.717,46.859,,
58.565,46.331,,
60.601,47.937,,
62.566,49.149,,
61.903,46.451,,
61.782,47.084,,
61.954,45.907,,
62.345,47.091,,
58.264,45.64,,
61.303,48.326,,
58.773,43.499,,
63.086,47.075,,
63.081,47.684,,
60.204,46.955,,
60.597,46.399,,
59.077,48.115,,
61.768,44.391,,
58.976,45.06,,
60.989,47.257,,
61.19,47.066,,
60.972,46.551,,
60.077,44.786,,
61.432,46.817,,
62.6,45.672,,
61.396,48.168,,
62.082,46.029,,
62.48,45.84,,
60.049,45.388,,
59.918,48.366,,
62.084,45.119,,
60.707,46.058,,
60.634,45.826,,
63.489,44.063,,
62.451,48.261,,
62.426,44.954,,
61.782,49.028,,
61.595,47.677,,
62.779,47.041,,
59.953,50.937,,
60.526,53.18,,
58.802,53.819,,
62.297,52.3,,
58.604,54.336,,
60.766,55.324,,
58.238,51.102,,
60.125,49.071,,
59.177,52.894,,
61.205,52.646,,
59.62,53.606,,
61.566,53.795,,
62.01,50.563,,
55.811,52.761,,
57.938,52.825,,
62.783,52.794,,
59.198,52.561,,
59.786,51.948,,
60.902,55.082,,
60.679,50.894,,
63.223,53.981,,
60.586,48.986,,
61.159,54.532,,
61.033,52.468,,
61.475,53.918,,
62.169,51.916,,
58.904,53.725,,
60.531,53.274,,
61.442,51.792,,
60.235,52.007,,
58.915,50.231,,
62.109,50.367,,
59.971,53.488,,
60.369,52.563,,
57.329,51.751,,
59.933,56.156,,
61.775,53.359,,
61.599,53.671,,
60.106,49.519,,
57.978,52.975,,
63.057,51.681,,
61.776,51.655,,
62.364,50.648,,
60.327,51.525,,
59.857,53.804,,
59.856,50.041,,
58.313,52.98,,
62.549,54.64,,
59.146,54.829,,
61.469,51.409,,
58.371,50.04,,
61.314,51.11,,
60.548,53.678,,
59.922,52.786,,
58.762,51.916,,
60.854,52.169,,
62.313,53.461,,
60.787,51.558,,
60.948,49.685,,
60.644,51.665,,
59.095,50.82,,
58.808,52.874,,
63.244,53.722,,
61.129,52.867,,
60.73,52.083,,
61.19,54.253,,
57.94,53.483,,
60.793,50.532,,
57.987,50.535,,
57.316,51.557,,
57.344,53.713,,
59.345,53.451,,
59.309,53.689,,
63.148,54.994,,
65.535,51.609,,
58.432,52.328,,
61.739,52.881,,
58.769,54.508,,
62.146,50.611,,
61.353,52.949,,
60.249,52.238,,
60.703,52.037,,
61.407,52.897,,
59.622,51.84,,
58.297,53.749,,
58.234,52.471,,
63.457,52.6,,
60.443,53.128,,
62.485,51.824,,
59.626,52.498,,
60.245,51.232,,
60.088,51.401,,
59.466,51.775,,
59.673,50.869,,
59.396,54.86,,
60.024,50.389,,
63.143,53.181,,
61.364,52.426,,
61.272,52.41,,
61.352,50.032,,
60.794,53.091,,
58.644,54.218,,
60.576,51.753,,
59.434,52.433,,
61.099,50.199,,
57.111,51.732,,
59.385,51.054,,
59.626,52.424,,
62.053,52.942,,
59.411,54.228,,
63.256,53.319,,
61.799,52.927,,
56.783,52.846,,
61.232,53.224,,
60.221,52.022,,
58.815,54.259,,
58.336,53.014,,
60.82,53.919,,
59.816,53.916,,
60.946,53.614,,
57.803,50.468,,
59.045,52.706,,
60.617,51.398,,
61.019,51.535,,
60.753,50.736,,
62.592,54.099,,
60.868,51.134,,
60.597,51.012,,
60.201,52.003,,
60.152,49.128,,
59.566,53.452,,
59.703,52.501,,
58.933,53.89,,
59.898,51.245,,
60.079,53.099,,
62.063,51.857,,
60.308,51.685,,
61.447,51.661,,
58.543,53.625,,
61.593,51.496,,
61.29,54.028,,
61.105,49.647,,
60.231,53.265,,
59.558,52.776,,
58.402,52.389,,
58.134,51.877,,
59.04,54.95,,
63.162,53.609,,
58.718,49.514,,
60.396,52.805,,
44.04,46.197,,
46.006,46.521,,
47.26,47.193,,
45.6,46.395,,
44.324,44.879,,
42.732,45.444,,
43.609,46.066,,
46.021,44.331,,
45.527,42.803,,
44.401,45.918,,
44.023,46.226,,
44.772,46.447,,
46.125,45.879,,
45.451,47.318,,
44.081,47.21,,
45.84,49.753,,
46.384,44.6,,
44.279,43.434,,
44.882,47.245,,
45.818,44.321,,
45.019,45.549,,
43.897,46.696,,
43.524,46.836,,
42.508,47.345,,
45.015,46.11,,
45.356,44.834,,
45.01,47.987,,
43.712,46.227,,
46.179,46.421,,
45.36,46.378,,
44.163,47.526,,
46.904,46.553,,
42.409,44.578,,
43.905,45.3,,
42.749,45.475,,
44.698,44.129,,
43.28,46.617,,
45.574,47.897,,
43.851,47.533,,
44.478,46.315,,
44.52,46.484,,
46.371,47.909,,
42.904,44.785,,
44.901,44.409,,
43.361,48.159,,
43.714,43.305,,
44.492,45.977,,
43.671,47.848,,
43.629,46.252,,
45.612,47.971,,
44.877,48.055,,
44.762,46.708,,
46.34,45.96,,
42.187,44.86,,
42.896,46.268,,
44.691,46.276,,
42.616,48.423,,
44.1,44.734,,
45.893,47.567,,
45.486,44.94,,
46.071,50.218,,
46.857,48.357,,
46.05,46.61,,
44.886,47.155,,
45.351,45.046,,
44.677,47.921,,
45.206,46.504,,
44.977,46.05,,
46.042,47.659,,
44.793,47.895,,
45.298,46.876,,
42.3,46.449,,
45.015,44.653,,
46.676,46.171,,
45.44,45.988,,
46.055,47.085,,
44.201,48.116,,
45.308,45.173,,
46.229,46.865,,
45.738,46.899,,
43.439,43.985,,
42.348,46.774,,
45.146,47.69,,
46.211,44.206,,
44.565,44.177,,
46.191,48.317,,
45.909,45.961,,
44.577,46.345,,
46.157,45.612,,
41.927,48.543,,
45.309,46.374,,
46.051,45.145,,
41.508,47.088,,
44.238,45.158,,
45.806,46.785,,
45.23,47.186,,
42.223,47,,
44.108,46.834,,
46.761,47.183,,
45.727,44.795,,
45.234,46.11,,
46.226,45.384,,
44.46,46.396,,
46.924,47.066,,
44.201,46.722,,
45.562,47.033,,
43.711,47.308,,
46.969,46.954,,
46.08,45.768,,
43.869,48.571,,
45.755,46.024,,
44.704,46.111,,
45.754,46.817,,
44.916,46.93,,
45.205,44.698,,
45.636,41.946,,
43.794,43.368,,
42.99,47.111,,
44.324,47.646,,
46.585,48.285,,
43.138,47.056,,
44.109,47.298,,
42.078,45.102,,
44.719,47.108,,
43.69,44.669,,
43.682,47.55,,
45.997,46.437,,
45.652,46.746,,
45.705,47.041,,
45.374,46.355,,
45.536,44.653,,
45.595,47.049,,
44.325,46.733,,
46.511,47.373,,
44.717,47.856,,
45.786,46.58,,
41.089,45.626,,
41.851,44.047,,
47.162,47.068,,
46.773,44.941,,
45.806,45.282,,
43.274,47.372,,
42.182,45.481,,
43.583,47.308,,
44.362,45.655,,
43.611,45.959,,
42.283,44.263,,
48.266,45.184,,
45.821,47.089,,
47.332,45.389,,
37.9,43.7,,
38.172,42.792,,
38.87,44.459,,
36.702,45.802,,
39.22,45.233,,
39.24,45.636,,
38.915,45.632,,
37.496,46.121,,
37.626,43.52,,
36.859,42.832,,
36.497,45.576,,
37.937,43.875,,
37.414,45.176,,
39.339,45.642,,
38.768,44.701,,
41.073,43.678,,
35.88,44.226,,
37.556,45.014,,
39.028,46.813,,
39.129,45.517,,
39.139,43.725,,
39.846,44.359,,
38.946,42.243,,
37.889,42.985,,
37.202,42.594,,
39.657,46.012,,
40.225,43.669,,
39.702,45.456,,
36.022,44.378,,
39.149,44.151,,
38.749,44.262,,
36.524,45.489,,
39.63,45.246,,
38.678,43.05,,
38.805,43.472,,
36.611,46.457,,
40.358,44.017,,
42.141,45.706,,
36.701,43.206,,
37.16,42.132,,
39.036,46.009,,
38.631,43.541,,
39.553,42.753,,
38.443,45.629,,
35.876,43.7,,
37.021,42.818,,
41.819,44.466,,
40.028,44.93,,
37.346,45.508,,
38.863,44.153,,
38.508,42.962,,
37.264,47.422,,
38.967,44.89,,
37.439,44.82,,
37.27,43.745,,
38.396,44.576,,
38.385,42.809,,
38.104,44.902,,
36.294,42.107,,
36.196,48.017,,
37.836,43.781,,
38.015,47.51,,
36.982,42.306,,
34.913,45.567,,
35.954,45.537,,
37.321,45.452,,
38.878,44.922,,
36.692,43.157,,
39.976,45.731,,
36.945,43.736,,
39.339,47.635,,
37.645,43.455,,
39.633,45.001,,
36.611,43.308,,
34.906,46.25,,
38.611,43.37,,
41.704,45.883,,
39.621,43.859,,
38.077,43.794,,
40.492,47.761,,
34.702,44.962,,
37.823,45.829,,
36.125,46.077,,
39.395,47.56,,
37.207,41.74,,
37.616,47.074,,
40.281,44.811,,
38.038,48.847,,
39.125,42.626,,
36.602,45.948,,
38.478,45.047,,
37.382,44.795,,
34.334,42.68,,
36.768,41.959,,
37.938,45.945,,
35.861,45.653,,
38.094,44.26,,
37.969,44.116,,
36.962,45.354,,
36.49,44.675,,
38.348,45.436,,
40.941,43.844,,
36.794,42.112,,
37.542,46.6,,
37.933,46.235,,
41.131,42.932,,
38.015,46.38,,
36.468,45.109,,
35.208,47.795,,
38.449,43.572,,
39.124,42.972,,
35.984,42.959,,
40.255,44.8,,
37.43,41.616,,
36.451,44.885,,
38.267,44.239,,
38.653,43.402,,
39.128,42.928,,
40.318,44.621,,
39.291,43.282,,
36.671,44.622,,
37.14,44.018,,
36.271,44.809,,
38.421,44.847,,
37.125,44.254,,
41.955,45.767,,
37.094,44.119,,
37.694,42.646,,
38.965,45.78,,
37.904,44.387,,
39.379,44.164,,
36.78,43.453,,
38.535,43.78,,
38.827,45.565,,
37.76,44.128,,
37.103,46.501,,
36.567,45.438,,
39.429,44.771,,
38.365,45.29,,
37.201,46.98,,
38.197,42.246,,
38.657,45.536,,
37.755,43.877,,
37.701,44.638,,
40.228,46.36,,
35.969,44.284,,
36.903,42.584,,
38.661,44.045,,
38.646,42.669,,
37.416,45.799,,
36.035,49.446,,
38.117,50.251,,
36.69,49.591,,
34.794,50.227,,
37.12,50.499,,
35.693,52.595,,
34.424,50.941,,
35.866,51.091,,
37.703,52.241,,
34.587,49.905,,
33.678,52.163,,
36.568,52.539,,
35.268,51.811,,
38.729,49.255,,
36.501,48.967,,
34.736,48.182,,
33.096,50.259,,
37.83,51.496,,
35.451,47.9,,
35.724,51.642,,
36.425,52.08,,
35.938,51.733,,
38.012,50.808,,
33.453,50.485,,
36.714,49.251,,
37.741,49.565,,
37.294,50.769,,
37.509,49.964,,
34.605,51.599,,
35.289,50.416,,
38.044,50.643,,
37.268,53.11,,
36.656,50.566,,
36.229,52.718,,
35.13,50.291,,
36.51,50.24,,
36.021,48.965,,
36.001,50.147,,
38.506,49.918,,
38.123,52.51,,
35.792,48.033,,
38.875,51.578,,
36.128,48.92,,
33.825,51.8,,
38.347,52.233,,
33.348,49.892,,
36.163,53.031,,
38.329,47.862,,
36.978,48.153,,
37.327,51.814,,
35.64,50.947,,
38.899,50.81,,
35.153,49.82,,
37.773,51.076,,
35.854,49.904,,
36.557,48.528,,
39.462,50.878,,
35.609,51.438,,
36.4,49.928,,
39.355,49.95,,
35.678,48.944,,
36.24,50.203,,
37.851,50.911,,
35.529,48.483,,
34.856,50.507,,
34.555,47.854,,
37.617,51.514,,
35.288,52.498,,
37.102,50.697,,
36.117,50.939,,
36.195,51.606,,
37.334,49.489,,
36.894,47.891,,
36.51,50.444,,
35.679,51.251,,
34.039,48.581,,
35.416,50.433,,
35.292,47.507,,
35.473,49.117,,
36.805,51.837,,
34.907,49.407,,
38.576,50.876,,
36.911,52.33,,
34.151,50.38,,
35.994,50.817,,
35.873,50.003,,
36.406,50.463,,
36.711,51.816,,
36.773,50.93,,
36.847,53.455,,
37.462,52.043,,
37.317,49.835,,
36.221,54.174,,
34.893,50.011,,
37.153,52.163,,
34.999,50.316,,
38.215,53.643,,
36.818,50.538,,
34.119,52.062,,
36.099,51.107,,
34.017,50.315,,
34.972,50.553,,
33.611,50.666,,
33.361,48.121,,
38.446,48.06,,
34.622,51.962,,
31.946,51.702,,
34.976,51.227,,
34.143,49.934,,
35.518,50.27,,
36.539,51.996,,
34.748,51.075,,
35.055,51.61,,
37.74,50.009,,
38.157,49.848,,
37.775,49.692,,
36.319,52.029,,
36.552,51.655,,
32.979,50.394,,
34.994,52.092,,
37.047,48.811,,
36.847,53.569,,
34.617,52.089,,
37.507,50.353,,
32.954,50.861,,
36.008,48.93,,
38.371,51.242,,
34.908,50.703,,
37.348,49.716,,
35.338,51.9,,
36.979,51.524,,
35.275,50.848,,
37.365,52.976,,
36.288,52.087,,
35.328,53.446,,
34.733,51.912,,
35.553,51.517,,
38.07,53.037,,
35.152,50.692,,
37.005,51.257,,
36.522,50.164,,
37.81,48.108,,
36.619,46.682,,
35.912,49.827,,
38.795,48.442,,
34.981,48.664,,
36.403,48.903,,
34.507,47.459,,
37.485,51.322,,
38.515,50.074,,
31.066,46.469,,
30.611,46.226,,
29.328,44.467,,
29.589,46.786,,
30.863,47.267,,
32.118,43.011,,
33.642,48.588,,
29.513,44.633,,
28.483,46.037,,
30.42,42.435,,
31.13,46.909,,
29.934,47.2,,
32.303,47.345,,
30.906,47.311,,
29.581,44.268,,
28.832,44.831,,
29.906,47.016,,
31.073,46.483,,
30.198,47.951,,
31.032,45.152,,
32.141,43.787,,
27.818,46.878,,
30.37,43.579,,
30.879,41.734,,
31.448,44.717,,
33.078,44.208,,
30.581,46.96,,
32.202,47.711,,
31.905,46.82,,
36.071,44.535,,
28.44,44.81,,
31.17,46.097,,
32.193,45.876,,
34.126,46.746,,
31.067,45.079,,
31.167,47.656,,
33.79,46.438,,
30.561,46.264,,
31.109,44.892,,
33.014,45.886,,
32.463,45.301,,
30.997,45.889,,
30.534,46.102,,
29.735,48.055,,
28.512,45.84,,
32.901,45.871,,
31.926,45.424,,
32.819,47.173,,
31.542,45.614,,
30.793,42.766,,
30.764,43.714,,
31.793,46.337,,
31.657,46.117,,
30.537,43.629,,
32.209,47.167,,
32.744,43.999,,
29.246,46.479,,
29.476,43.739,,
30.758,41.842,,
30.553,47.04,,
31.802,47.476,,
29.976,46.087,,
30.957,47.93,,
32.118,46.39,,
30.694,44.466,,
30.439,47.075,,
31.92,46.382,,
31.778,47.518,,
29.259,45.342,,
30.472,44.653,,
32.252,46.23,,
31.852,45.306,,
32.198,46.699,,
31.37,45.222,,
32.264,46.894,,
32.335,45.997,,
31.154,45.908,,
28.736,40.792,,
29.679,46.301,,
32.21,46.786,,
31.213,43.528,,
31.291,44.107,,
31.127,47.321,,
28.118,44.775,,
31.119,46.055,,
29.705,47.057,,
31.624,45.467,,
30.79,47.566,,
31.604,46.454,,
30.1,45.879,,
29.919,45.857,,
30.801,44.512,,
33.008,44.407,,
32.062,45.99,,
29.052,45.808,,
30.659,44.846,,
30.026,45.682,,
30.627,44.454,,
30.382,43.613,,
31.871,44.973,,
32.139,46.892,,
30.578,44.542,,
29.043,45.436,,
32.211,48.405,,
30.016,44.487,,
31.178,44.394,,
30.522,46.566,,
32.049,47.819,,
29.855,45.626,,
31.054,44.541,,
29.608,45.031,,
29.612,45.84,,
31.35,44.748,,
30.806,45.234,,
33.61,44.086,,
33.021,43.481,,
31.152,46.517,,
29.368,46.709,,
30.888,45.683,,
33.108,45.964,,
34.179,48.012,,
29.599,44.203,,
28.615,47.158,,
31.622,45.004,,
30.047,45.342,,
31.991,44.255,,
31.144,43.395,,
29.855,45.069,,
29.912,46.43,,
30.22,45.595,,
29.812,46.044,,
29.899,45.748,,
34.751,49.387,,
30.128,45.204,,
30.635,43.889,,
30.294,45.296,,
31.764,46.849,,
34.639,46.169,,
30.302,47.776,,
30.371,45.565,,
31.911,45.528,,
29.707,44.749,,
31.573,45.804,,
30.257,45.725,,
31.476,44.3,,
28.961,43.127,,
30.635,45.556,,
31.375,45.645,,
31.662,45.383,,
30.947,43.537,,
23.842,44.933,,
25.896,45.359,,
21.8,47.934,,
24.542,44.728,,
23.441,45.886,,
24.535,44.138,,
24.486,43.549,,
25.819,45.207,,
24.646,45.406,,
24.392,46.261,,
25.166,45.053,,
22.211,45.191,,
20.458,45.329,,
24.316,45.453,,
21.958,45.56,,
22.184,44.249,,
23.144,45.494,,
24.266,44.51,,
26.221,45.421,,
22.912,46.671,,
25.74,44.473,,
23.877,45.909,,
23.609,46.656,,
23.433,45.945,,
22.387,47.332,,
22.05,45.954,,
21.444,46.964,,
22.051,44.212,,
23.554,45.863,,
24.929,43.868,,
22.096,47.233,,
23.462,44.483,,
25.301,46.117,,
22.168,46.142,,
23.939,46.011,,
24.675,45.135,,
23.107,46.354,,
20.963,45.739,,
22.876,45.874,,
23.487,42.557,,
22.163,45.795,,
23.404,44.335,,
21.221,44.474,,
22.638,45.554,,
21.615,48.163,,
20.714,45.805,,
23.688,45.829,,
23.515,46.366,,
23.692,44.325,,
24.567,43.379,,
24.343,46.878,,
23.272,45.633,,
21.255,44.721,,
22.392,47.698,,
22.575,45.576,,
23.378,45.78,,
21.147,44.235,,
23.016,45.266,,
21.108,45.235,,
23.136,46.375,,
23.584,44.797,,
24.89,43.027,,
24.311,41.002,,
24.738,44.64,,
26.216,43.41,,
23.658,45.171,,
23.855,45.931,,
22.615,45.157,,
23.82,44.976,,
23.767,43.141,,
21.854,45.512,,
20.838,46.554,,
25.822,48.22,,
21.171,46.906,,
23.376,45.082,,
24.788,44.771,,
24.522,45.861,,
25.495,42.792,,
23.958,44.468,,
23.825,46.811,,
24.527,46.626,,
23.835,46.847,,
22.937,43.548,,
21.657,45.779,,
24.273,42.879,,
26.228,46.553,,
23.338,46.902,,
24.477,43.061,,
24.736,45.066,,
22.976,47.248,,
23.23,46.643,,
23.589,42.521,,
22.285,45.629,,
26.468,45.504,,
21.561,44.237,,
22.25,45.658,,
23.906,45.475,,
23.754,47.759,,
23.594,45.95,,
24.33,45.763,,
25.198,46.841,,
24.438,45.278,,
22.378,42.929,,
25.044,44.899,,
22.934,45.175,,
24.259,43.678,,
24.947,45.212,,
23.737,44.771,,
24.847,44.152,,
23.038,45.476,,
23.277,44.688,,
20.307,46.589,,
20.494,45.315,,
25.807,47.714,,
22.166,45.254,,
25.532,46.572,,
27.376,45.995,,
22.506,43.691,,
24.987,44.077,,
22.999,46.007,,
22.034,44.197,,
20.914,44.091,,
25.535,46.274,,
23.288,45.258,,
22.341,46.998,,
23.954,47.601,,
21.368,45.917,,
23.746,45.135,,
25.316,46.217,,
22.485,48.161,,
24.868,46.549,,
23.674,43.785,,
22.995,44.707,,
27.463,46.986,,
25.679,47.098,,
21.579,45.924,,
21.055,45.837,,
26.609,47.476,,
24.628,45.035,,
24.355,48.292,,
24.966,43.815,,
23.763,44.75,,
20.485,46.394,,
23.524,46.587,,
23.628,44.73,,
25.693,46.232,,
25.345,45.149,,
22.546,43.351,,
24.514,48.478,,
22.225,44.14,,
56.907,37.079,,
60.236,35.088,,
58.11,38.682,,
59.019,39.748,,
55.932,35.163,,
57.632,37.22,,
56.429,35.6,,
59.796,34.874,,
51.782,34.639,,
54.794,34.578,,
55.615,36.243,,
57.356,40.144,,
58.457,37.432,,
58.77,33.452,,
58.965,33.085,,
55.47,35.116,,
56.993,32.158,,
58.047,36.416,,
54.381,36.82,,
57.391,35.246,,
56.73,35.577,,
52.492,35.399,,
54.286,34.827,,
55.842,36.136,,
56.678,35.623,,
56.69,36.823,,
57.832,36.316,,
56.688,36.583,,
58.706,36.418,,
55.517,34.972,,
56.809,36.297,,
55.983,38.451,,
57.652,35.563,,
56.68,34.674,,
55.269,35.481,,
56.805,36.159,,
57.312,35.967,,
55.628,34.757,,
58.214,37.687,,
57.022,36.838,,
56.611,34.057,,
55.58,34.586,,
58.427,32.683,,
55.448,37.197,,
56.636,35.529,,
53.222,36.2,,
56.396,37.255,,
57.306,37.084,,
57.593,37.299,,
57.37,36.555,,
55.51,35.439,,
56.813,35.086,,
58.07,35.178,,
57.381,34.383,,
57.335,32.064,,
57.649,35.291,,
55.892,36.852,,
56.074,35.582,,
57.906,33.048,,
55.366,35.65,,
56.413,36.418,,
56.941,38.327,,
57.154,33.712,,
57.75,36.8,,
57.857,36.922,,
56.143,35.658,,
55.338,35.743,,
56.441,35.275,,
56.414,37.396,,
59.486,32.151,,
58.706,36.533,,
52.659,34.777,,
59.404,32.845,,
56.922,35.768,,
57.726,35.998,,
57.2,36.58,,
57.944,36.151,,
56.618,35.436,,
59.034,35.201,,
57.527,34.254,,
55.893,34.795,,
59.479,34.096,,
56.696,36.827,,
58.247,36.777,,
57.425,33.591,,
55.633,35.639,,
58.824,35.451,,
56.641,37.864,,
56.541,35.719,,
58.69,38.619,,
57.601,35.635,,
57.601,38.899,,
55.493,35.034,,
56.406,35.362,,
54.744,37.285,,
56.968,36.17,,
56.554,34.309,,
57.672,34.909,,
56.549,36.908,,
54.899,36.989,,
58.177,34.61,,
52.736,36.955,,
57.2,36.282,,
56.107,34.721,,
56.844,34.985,,
59.046,35.909,,
58.878,34.978,,
55.592,36.014,,
57.442,38.09,,
55.333,34.329,,
55.756,36.134,,
57.707,36.517,,
56.49,35.034,,
55.408,37.045,,
55.35,37.801,,
57.65,36.971,,
57.24,34.898,,
56.276,34.87,,
56.026,35.279,,
55.507,39.069,,
59.313,34.984,,
59.314,35.053,,
55.148,36.561,,
55.846,33.03,,
58.28,35.077,,
57.86,36.41,,
53.799,37.256,,
56.172,34.623,,
56.629,34.903,,
57.012,37.189,,
61.328,34.539,,
58.57,36.942,,
55.822,35.934,,
58.008,34.512,,
56.81,36.292,,
57.603,34.029,,
59.246,36.194,,
53.045,33.476,,
58.231,34.186,,
53.386,37.554,,
54.858,34.27,,
54.851,35.17,,
56.299,36.158,,
55.829,34.669,,
57.13,33.622,,
57.045,35.018,,
55.963,37.15,,
57.85,35.626,,
57.398,33.876,,
57.433,35.084,,
57.353,60,,
58.154,59.78,,
59.668,60.897,,
58.098,61.604,,
60.212,56.867,,
58.558,56.754,,
57.238,61.962,,
57.393,60.13,,
60.954,58.518,,
59.449,62.121,,
58.116,61.273,,
56.322,59.335,,
57.785,59.295,,
60.018,58.622,,
58.845,62.613,,
58.689,61.64,,
57.082,58.629,,
56.935,61.044,,
58.391,61.517,,
60.966,58.27,,
60.804,57.443,,
60.743,58.206,,
59.138,60.401,,
59.953,59.003,,
60.969,59.822,,
57.136,61.329,,
57.366,61.945,,
56.366,57.724,,
58.665,59.932,,
60.758,60.881,,
57.98,59.322,,
59.239,61.982,,
57.812,61.923,,
59.704,60.58,,
61.02,59.43,,
59.976,61.896,,
60.409,59.802,,
59.165,59.687,,
57.762,60.304,,
58.771,60.58,,
57.753,59.203,,
57.852,60.171,,
59.079,59.352,,
56.843,59.151,,
60.331,57.24,,
57.591,61.596,,
57.063,58.649,,
56.693,58.774,,
57.642,59.436,,
58.329,60.18,,
59.112,63.187,,
57.718,59.894,,
56.937,59.156,,
57.576,59.542,,
58.613,58.762,,
60.267,60.706,,
57.706,56.481,,
59.214,58.361,,
61.073,59.807,,
57.207,61.078,,
58.015,59.153,,
58.158,58.562,,
55.203,57.018,,
58.219,61.499,,
57.782,60.002,,
55.784,59.163,,
59.345,61.352,,
59.269,59.992,,
56.691,59.491,,
59.024,60.718,,
59.11,60.648,,
58.75,57.843,,
59.118,60.039,,
57.473,59.889,,
57.935,59.287,,
58.935,58.666,,
58.889,60.334,,
60.927,60.647,,
59.624,59.604,,
58.797,58.377,,
58.624,58.748,,
58.691,58.145,,
60.046,58.263,,
59.449,58.883,,
56.818,60.227,,
60.006,60.524,,
59.772,62.508,,
57.843,58.84,,
59.475,60.281,,
57.562,57.847,,
57.692,60.874,,
59.111,59.739,,
55.418,59.726,,
57.647,61.654,,
57.192,63.091,,
56.91,61.194,,
60.549,59.383,,
58.222,62.395,,
59.915,58.433,,
59.52,59.618,,
58.928,60.595,,
59.722,59.83,,
61.347,59.432,,
61.654,61.45,,
56.954,58.817,,
56.034,59.874,,
60.069,58.113,,
58.563,62.792,,
59.022,58.759,,
56.745,59.632,,
58.611,56.944,,
58.213,61.124,,
59.832,61.819,,
57.659,62.508,,
58.167,57.737,,
56.924,58.052,,
59.983,59.647,,
60.295,58.226,,
59.571,59.704,,
59.407,63.359,,
61.438,60.731,,
58.412,60.555,,
59.087,60.2,,
59.921,58.297,,
62.507,59.886,,
56.5,61.376,,
60.955,57.896,,
58.439,61.605,,
56.364,59.088,,
56.487,61.747,,
59.447,57.392,,
57.894,59.036,,
57.925,61.583,,
61.135,58.271,,
59.445,59.658,,
59.387,60.014,,
58.154,60.283,,
55.361,61.45,,
59.573,59.358,,
60.407,60.339,,
57.851,60.497,,
56.974,60.278,,
58.959,61.26,,
58.59,59.525,,
56.814,60.167,,
56.482,59.948,,
59.678,56.732,,
56.898,59.377,,
61.084,58.521,,
60.235,57.996,,
35.967,36.673,,
33.802,37.02,,
34.261,37.067,,
37.405,33.958,,
36.836,39.256,,
37.201,37.141,,
33.942,34.583,,
36.874,35.95,,
36.087,35.914,,
35.266,37.658,,
35.368,35.938,,
37.797,36.278,,
38.059,35.143,,
37.189,38.589,,
39.025,38.317,,
39.884,40.043,,
34.384,37.619,,
35.438,35.961,,
35.228,34.409,,
36.656,39.035,,
34.657,37.807,,
34.997,35.538,,
34.596,37.163,,
36.515,36.356,,
36.659,37.772,,
37.432,39.281,,
35.778,38.273,,
35.673,37.211,,
35.254,33.638,,
36.1,37.456,,
38.717,38,,
37.182,37.411,,
35.648,39.129,,
35.955,37.847,,
36.359,37.31,,
35.721,36.229,,
36.528,36.061,,
39.397,39.374,,
36.008,35.818,,
34.522,35.773,,
35.101,38.142,,
36.844,38.976,,
36.672,36.938,,
36.638,35.819,,
35.636,37.443,,
36.69,39.754,,
35.091,35.641,,
36.944,39.148,,
35.483,38.084,,
33.394,37.319,,
35.39,35.563,,
37.099,38.588,,
38.095,39.196,,
36.056,34.964,,
35.612,35.819,,
34.622,37.604,,
33.618,37.049,,
37.79,37.999,,
39.063,35.717,,
36.444,34.614,,
37.971,36.374,,
32.167,39.987,,
36.206,36.422,,
36.389,38.939,,
36.095,33.268,,
37.525,38.632,,
33.54,39.2,,
35.076,35.331,,
35.191,37.667,,
33.916,38.665,,
36.172,35.806,,
36.579,35.985,,
37.915,37.571,,
35.6,37.619,,
32.91,36.355,,
35.412,36.473,,
36.407,36.157,,
36.663,37.415,,
34.432,35.853,,
36.058,35.597,,
34.996,36.782,,
38.645,36.855,,
35.811,37.422,,
34.222,38.934,,
36.509,37.087,,
34.56,38.446,,
36.209,37.346,,
34.94,35.99,,
35.403,36.688,,
32.942,35.01,,
35.436,37.366,,
37.768,35.501,,
34.772,37.566,,
37.396,38.924,,
37.109,39.039,,
36.322,38.482,,
36.164,36.125,,
35.531,36.57,,
37.177,35.936,,
35.355,38.39,,
38.13,36.011,,
36.242,37.643,,
37.882,36.742,,
36.127,38.45,,
35.394,38.22,,
34.349,37.125,,
34.947,39.4,,
33.437,35.442,,
34.167,36.965,,
36.172,39.484,,
37.37,38.669,,
37.667,37.35,,
36.974,38.282,,
35.801,35.541,,
35.609,37.194,,
36.795,34.454,,
34.626,36.266,,
35.808,36.376,,
33.613,39.794,,
37.801,36.929,,
38.443,39.283,,
33.652,37.501,,
35.332,38.247,,
37.264,36.885,,
35.768,33.85,,
33.922,37.009,,
33.846,33.297,,
33.715,38.111,,
34.553,37.161,,
36.826,38.107,,
35.007,39.211,,
36.173,35.498,,
36.725,35.697,,
36.455,37.227,,
35.395,37.619,,
34.614,36.595,,
35.11,36.198,,
34.87,39.058,,
35.579,39.25,,
36.919,37.87,,
35.851,39.142,,
38.539,37.485,,
35.082,36.246,,
32.801,33.333,,
35.038,34.405,,
35.494,35.663,,
37.48,35.672,,
35.852,35.216,,
36.125,38.191,,
36.039,37.098,,
36.216,62.182,,
37.992,59.534,,
36.398,59.165,,
33.519,59.516,,
37.891,59.892,,
37.835,56.856,,
36.486,58.78,,
36.333,58.448,,
35.492,58.36,,
39.398,58.165,,
36.215,57.623,,
36.229,58.559,,
35.847,60.401,,
33.122,61.567,,
36.575,58.483,,
38.437,59.774,,
36.403,61.703,,
36.423,59.073,,
35.423,57.63,,
36.85,56.751,,
33.959,57.663,,
36.243,57.771,,
37.479,60.292,,
39.385,58.486,,
35.322,59.148,,
35.7,57.384,,
36.242,57.635,,
36.696,59.198,,
34.637,57.665,,
34.443,60.316,,
37.166,58.232,,
39.283,59.107,,
36.049,59.576,,
34.553,59.382,,
40.134,59.872,,
33.63,58.312,,
35.047,60.446,,
36.709,56.868,,
37.404,56.05,,
37.599,57.51,,
36.454,59.424,,
38.035,58.873,,
36.308,60.312,,
38.558,56.67,,
36.529,58.009,,
32.534,60.827,,
35.346,58.988,,
34.712,57.869,,
35.561,59.193,,
35.534,60.214,,
37.053,57.01,,
38.314,58.604,,
38.318,60.919,,
38.027,59.66,,
35.355,60.826,,
35.436,59.18,,
35.727,58.236,,
39.398,60.099,,
37.269,57.92,,
36.889,59.486,,
37.566,59.456,,
39.104,58.213,,
32.504,60.521,,
35.603,58.464,,
33.987,58.301,,
38.181,57.802,,
33.486,56.845,,
36.799,61.3,,
36.246,57.201,,
33.218,58.279,,
35.125,58.821,,
36.219,58.974,,
37.589,58.77,,
40.243,57.661,,
35.361,62.227,,
38.232,59.464,,
35.237,58.902,,
35.398,58.7,,
37.988,59.312,,
35.644,59.384,,
38.422,59.22,,
37.09,59.149,,
38.945,59.787,,
34.996,58.737,,
34.596,59.765,,
36.992,56.453,,
33.822,59.036,,
35.211,58.983,,
36.283,59.567,,
38.99,58.154,,
37.488,61.935,,
35.445,59.206,,
37.798,56.597,,
35.17,59.819,,
33.624,58.303,,
35.462,61.614,,
34.945,57.757,,
38.089,56.389,,
37.372,57.669,,
39.872,58.481,,
36.96,58.594,,
35.192,61.069,,
37.556,56.733,,
37.083,57.931,,
36.878,61.006,,
37.226,57.241,,
38.515,58.026,,
34.289,56.684,,
35.741,57.634,,
37.745,57.622,,
36.805,60.016,,
34.914,58.404,,
38.566,59.39,,
36.967,58.135,,
36.433,57.684,,
34.796,60.094,,
36.645,58.435,,
36.421,57.942,,
36.037,57.311,,
35.578,57.692,,
33.356,61.093,,
33.015,57.987,,
36.045,57.448,,
33.606,59.28,,
37.937,56.751,,
35.457,58.671,,
37.36,59.696,,
35.066,57.896,,
36.783,59.577,,
34.208,56.715,,
36.846,60.935,,
35.141,60.571,,
36.861,59.309,,
34.573,59.067,,
38.523,59.697,,
35.104,58.388,,
36.442,57.756,,
36.551,60.388,,
35.711,57.926,,
36.064,60.505,,
38.706,57.037,,
36.216,57.898,,
39.611,56.741,,
35.988,58.251,,
37.263,57.129,,
37.094,59.676,,
35.217,59.875,,
36.483,57.847,,
34.924,58.072,,
37.06,58.762,,
30.908,61.364,,
29.802,58.114,,
30.571,60.758,,
34.779,62.221,,
30.304,61.141,,
30.877,60.859,,
30.681,62.149,,
31.259,62.32,,
30.567,62.523,,
28.728,61.702,,
32.333,61.933,,
29.047,58.154,,
31.463,61.149,,
30.898,60.616,,
28.229,59.101,,
33.697,58.534,,
29.758,63.528,,
30.28,62.465,,
32.349,61.066,,
32.134,61.037,,
30.612,61.541,,
33.233,62.021,,
29.987,61.369,,
29.079,60.255,,
29.589,60.622,,
28.995,58.89,,
31.627,61.188,,
29.272,59.183,,
28.392,61.346,,
31.204,59.112,,
30.174,60.328,,
31.578,60.296,,
29.445,64.978,,
31.977,59.48,,
31.182,60.25,,
30.648,60.178,,
30.532,61.95,,
31.72,61.379,,
32.583,61.093,,
30.05,60.218,,
31.627,61.09,,
31.236,60.424,,
28.553,62.002,,
30.375,62.924,,
31.573,60.997,,
27.505,58.926,,
30.061,61.246,,
32.649,59.545,,
27.696,59.838,,
30.506,59.686,,
32.074,61.939,,
28.616,59.416,,
29.085,60.541,,
30.515,60.969,,
33.532,59.075,,
28.578,63.18,,
31.643,60.477,,
28.729,63.139,,
31.112,61.673,,
32.361,59.991,,
32.426,59.919,,
31.204,58.913,,
29.626,60.19,,
30.075,59.907,,
32.218,62.122,,
30.74,62.257,,
28.555,61.394,,
31.318,58.248,,
29.618,60.724,,
32.557,61.12,,
31.53,59.44,,
32.126,60.135,,
29.801,61.182,,
29.148,58.13,,
26.807,61.319,,
31.413,60.511,,
30.647,61.432,,
30.619,60.514,,
31.284,61.697,,
31.312,60.742,,
33.387,61.847,,
32.66,59.958,,
30.795,63.84,,
30.746,61.1,,
31.879,60.106,,
33.018,62.972,,
30.887,62.36,,
31.474,60.121,,
31.797,61.321,,
30.395,60.514,,
29.16,57.565,,
30.133,63.934,,
33.171,59.359,,
28.342,58.906,,
30.96,62.047,,
30.927,61.258,,
30.161,62.149,,
29.448,62.355,,
30.068,62.245,,
32.579,62.231,,
32.59,63.313,,
28.653,61.47,,
31.663,61.27,,
33.003,60.476,,
31.142,59.6,,
27.316,63.731,,
31.472,59.25,,
31.233,61.286,,
32.954,59.101,,
28.25,60.235,,
30.145,59.447,,
30.168,60.662,,
32.39,58.431,,
30.33,61.187,,
31.866,61.099,,
29.485,63.621,,
27.659,60.1,,
29.69,64.853,,
30.276,59.599,,
31.279,61.858,,
28.391,59.73,,
31.215,59.848,,
33.275,60.563,,
30.749,59.966,,
28.904,59.191,,
27.819,63.6,,
30.019,58.071,,
31.985,62.537,,
32.412,63.477,,
27.38,61.315,,
30.483,60.444,,
28.526,58.659,,
31.133,64.758,,
32.997,59.655,,
30.72,60.651,,
31.643,59.695,,
31.779,59.328,,
31.849,60.708,,
31.872,60.703,,
29.13,58.041,,
28.327,60.138,,
30.265,59.751,,
32.061,59.778,,
29.842,62.137,,
33.359,62.329,,
29.116,59.119,,
30.071,60.466,,
29.916,60.125,,
28.434,59.636,,
29.436,60.956,,
27.434,54.958,,
25.44,57.862,,
24.392,57.589,,
26.136,56.016,,
26.253,58.899,,
24.733,56.201,,
25.528,59.581,,
25.738,58.235,,
24.618,55.531,,
26.834,55.097,,
25.201,54.565,,
25.851,58.222,,
27.108,57.491,,
28.837,54.748,,
24.946,56.824,,
25.052,57.829,,
28.402,57.647,,
25.052,57.022,,
27.181,54.919,,
28.052,55.809,,
25.196,55.203,,
26.591,56.646,,
29.474,56.798,,
27.07,57.594,,
26.481,56.658,,
24.784,57.237,,
28.064,58.174,,
27.715,55.387,,
26.47,56.078,,
23.811,56.713,,
26.542,57.297,,
27.473,55.726,,
26.275,56.59,,
25.919,59.329,,
27.55,55.74,,
28.594,55.605,,
28.25,58.482,,
27.827,58.698,,
26.215,55.199,,
27.517,55.156,,
27.881,60.061,,
27.012,54.253,,
26.172,55.215,,
26.319,58.948,,
27.9,56.99,,
28.81,55.914,,
28.021,56.815,,
27.286,59.569,,
25.494,55.96,,
25.659,57.314,,
27.469,55.207,,
26.043,55.705,,
26.718,53.997,,
27.707,56.661,,
27.634,56.842,,
27.707,56.972,,
26.205,53.325,,
26.512,58.723,,
27.821,56.672,,
25.689,56.135,,
25.979,56.888,,
26.345,56.949,,
24.731,56.832,,
25.629,58.886,,
29.908,56.769,,
25.873,59.678,,
27.128,54.407,,
27.287,58.184,,
26.387,58.854,,
26.891,56.558,,
24.536,56.381,,
28.383,58.361,,
27.493,56.974,,
28.582,58.29,,
25.283,58.667,,
26.042,59.496,,
28.772,57.273,,
25.425,57.151,,
28.909,58.542,,
26.56,55.691,,
27.188,56.51,,
26.174,57.058,,
23.262,57.537,,
26.49,58.074,,
27.874,55.221,,
24.446,56.245,,
29.227,57.928,,
26.149,60.135,,
25.54,56.691,,
25.014,56.055,,
25.97,55.621,,
28.657,57.812,,
28.212,55.783,,
25.507,58.317,,
27.306,57.368,,
27.463,56.882,,
23.994,55.242,,
24.879,56.386,,
24.594,58.438,,
28.033,54.727,,
29.053,58.326,,
26.193,55.842,,
29.259,57.1,,
27.525,57.634,,
28.073,56.257,,
26.774,57.001,,
25.383,56.911,,
25.669,56.972,,
25.208,56.211,,
27.256,59.403,,
27.196,59.444,,
27.331,56.041,,
27.937,58.138,,
28.509,58.324,,
26.717,60.264,,
27.955,56.28,,
25.446,55.704,,
26.109,58.656,,
25.76,55.776,,
28.212,56.159,,
28.233,54.684,,
26.449,55.946,,
25.001,58.362,,
26.962,56.689,,
25.916,54.106,,
28.777,57.742,,
27.815,58.195,,
25.663,55.384,,
27.901,55.86,,
25.659,54.386,,
28.759,58.288,,
25.021,56.847,,
26.692,57,,
27.775,54.914,,
25.818,53.65,,
25.985,57.795,,
27.033,60.004,,
27.613,55.744,,
28.592,54.269,,
25.26,56.723,,
24.97,59.023,,
23.462,57.642,,
26.119,56.817,,
29.242,56.662,,
25.347,57.105,,
26.091,56.821,,
26.145,58.505,,
26.896,57.284,,
25.137,55.409,,
27.354,54.316,,
19.261,63.453,,
20.147,61.505,,
19.188,57.789,,
19.583,63.659,,
17.969,62.228,,
21.897,58.917,,
22.606,61.448,,
19.622,64.221,,
22.246,61.319,,
20.384,62.437,,
20.96,61.852,,
21.577,60.141,,
18.709,61.578,,
18.999,61.78,,
20.587,62.383,,
19.768,60.627,,
22.982,59.562,,
19.533,60.48,,
20.782,61.636,,
19.005,60.807,,
18.261,60.547,,
21.899,61.237,,
19.257,62.118,,
18.804,62.526,,
21.096,59.815,,
20.354,59.784,,
19.943,63.108,,
19.049,59.645,,
19.177,58.865,,
19.048,62.924,,
23.096,59.668,,
21.449,60.845,,
20.765,60.709,,
21.064,60.931,,
19.837,60.753,,
18.422,62.176,,
19.779,61.803,,
19.838,59.122,,
19.108,61.782,,
21.412,58.791,,
20.671,61.282,,
18.87,60.325,,
18.642,58.455,,
19.395,59.8,,
19.335,61.41,,
19.77,59.397,,
18.068,61.918,,
21.368,59.942,,
19.53,58.199,,
20.181,60.841,,
19.764,63.838,,
18.92,61.044,,
18.68,62.674,,
19.07,61.422,,
21.307,64.529,,
19.144,62.358,,
19.29,60.747,,
19.871,62.381,,
19.696,57.42,,
19.797,61.359,,
18.344,59.637,,
20.259,60.511,,
20.316,61.803,,
22.369,62.265,,
19.096,59.674,,
20.453,61.587,,
20.38,60.733,,
16.846,62.613,,
20.002,57.292,,
19.912,60.502,,
19.641,59.926,,
19.601,60.881,,
19.285,60.802,,
21.062,61.94,,
20.568,59.655,,
20.338,62.938,,
21.393,62.63,,
19.272,60.48,,
20.007,61.561,,
20.784,60.935,,
19.038,60.983,,
17.653,62.598,,
18.996,59.942,,
19.506,63.413,,
19.294,57.629,,
19.154,62.093,,
18.934,63.661,,
20.737,61.019,,
20.49,62.45,,
18.96,62.751,,
22.403,62.224,,
20.378,62.549,,
18.929,59.621,,
20.252,61.749,,
19.309,61.793,,
16.591,60.56,,
19.015,62.84,,
17.643,60.949,,
18.426,62.525,,
20.294,61.802,,
20.151,62.252,,
18.502,63.614,,
18.015,60.258,,
19.545,60.834,,
21.792,62.24,,
19.942,59.731,,
20.535,59.462,,
20.768,63.354,,
18.347,59.545,,
19.276,62.396,,
18.781,60.559,,
20.515,61.41,,
19.925,58.496,,
21.944,60.19,,
21.072,63.597,,
19.964,60.809,,
20.709,63.801,,
18.101,59.879,,
20.971,58.909,,
22.489,59.259,,
18.892,60.475,,
22.071,61.236,,
20.481,60.914,,
20.438,59.851,,
19.803,60.968,,
20.257,61.196,,
19.242,61.797,,
18.406,58.116,,
20.868,59.488,,
17.152,59.537,,
19.68,62.58,,
19.93,60.962,,
20.911,63.782,,
18.513,61.092,,
21.616,62.776,,
21.783,61.97,,
20.687,60.667,,
18.989,60.037,,
19.871,62.312,,
17.818,62.484,,
20.526,61.492,,
20.561,61.164,,
21.231,59.423,,
18.961,60.872,,
20.211,60.986,,
21.615,61.597,,
19.972,62.712,,
19.606,62.894,,
19.063,62.295,,
20.217,63.442,,
19.143,53.284,,
17.326,51.72,,
16.296,54.087,,
16.286,54.449,,
20.417,56.568,,
16.111,53.619,,
15.846,56,,
19.105,52.235,,
19.655,54.785,,
16.638,53.423,,
16.223,56.656,,
16.166,53.836,,
16.738,54.689,,
17.753,52.609,,
18.846,53.892,,
15.101,50.95,,
16.371,54.091,,
19.68,54.296,,
17.314,54.956,,
19.294,52.649,,
20.358,53.54,,
18.491,57.638,,
17.3,51.911,,
13.909,53.337,,
16.25,56.716,,
16.803,53.706,,
17.777,51.711,,
17.494,56.321,,
17.023,52.554,,
18.48,54.137,,
17.989,54.877,,
14.909,52.137,,
16.271,55.503,,
15.579,54.275,,
17.775,55.776,,
17.573,56.376,,
14.562,54.344,,
16.017,52.583,,
17.725,53.549,,
17.782,57.99,,
18.273,55.96,,
16.798,54.135,,
16.402,54.427,,
17.604,57.415,,
15.159,52.909,,
17.093,56.62,,
14.665,53.393,,
16.84,56.442,,
15.944,52.902,,
15.383,53.914,,
19.752,54.971,,
17.2,52.488,,
16.393,55.068,,
17.783,51.416,,
15.985,51.728,,
16.315,54.45,,
16.104,56.565,,
17.658,52.827,,
16.905,55.169,,
18.617,55.656,,
16.219,53.637,,
17.61,58.18,,
17.395,54.596,,
17.136,53.618,,
16.675,50.94,,
19.876,54.521,,
18.453,56.324,,
17.211,52.619,,
20.832,53.051,,
17.426,55.344,,
18.261,53.072,,
16.398,54.369,,
18.211,53.16,,
16.394,57.589,,
20.68,56.18,,
16.527,53.323,,
17.108,54.515,,
15.165,54.667,,
16.265,53.57,,
16.364,55.389,,
16.595,52.653,,
14.197,54.364,,
16.746,55.228,,
14.365,55.602,,
17.741,55.439,,
14.59,55.33,,
15.981,55.498,,
17.05,55.534,,
17.805,55.269,,
19.018,53.56,,
14.927,54.599,,
17.892,53.512,,
15.779,56.775,,
16.612,53.816,,
18.536,55.169,,
16.108,54.076,,
14.127,53.882,,
18.78,55.399,,
17.65,54.611,,
16.732,52.426,,
17.318,55.292,,
18.541,55.919,,
16.938,55.514,,
15.396,53.105,,
17.508,55.488,,
17.431,54.42,,
16.714,55.948,,
17.403,56.861,,
18.068,54.386,,
14.683,54.085,,
17.898,55.1,,
17.206,53.687,,
17.583,57.472,,
17.075,54.403,,
16.78,53.847,,
15.915,55.154,,
19.939,54.424,,
14.995,55.889,,
16.928,56.318,,
16.097,56.428,,
15.133,52.003,,
15.86,57.599,,
18.488,56.212,,
17.423,55.459,,
16.507,54.347,,
17.751,53.859,,
16.898,54.827,,
16.932,55.866,,
19.892,54.86,,
16.278,52.466,,
16.719,55.585,,
17.8,53.918,,
18.378,56.011,,
13.907,54.576,,
17.044,55.877,,
15.476,55.04,,
17.358,55.28,,
18.717,52.598,,
17.547,55.041,,
17.304,54.119,,
19.798,52.845,,
16.116,54.683,,
14.98,53.904,,
16.067,56.094,,
16.546,54.778,,
16.137,57.399,,
17.141,54.202,,
17.786,55.157,,
16.714,51.438,,
14.737,55.071,,
11.897,49.856,,
8.604,49.746,,
10.766,51.585,,
12.389,49.818,,
8.766,51.369,,
11.798,53.052,,
10.834,51.147,,
9.549,50.996,,
10.321,50.691,,
10.565,51.704,,
11.845,51.491,,
11.06,50.234,,
10.171,48.859,,
10.919,50.525,,
11.48,50.604,,
12.475,49.22,,
7.385,51.656,,
11.437,51.406,,
10.67,49.26,,
8.654,50.049,,
9.927,51.309,,
11.022,50.515,,
10.633,50.511,,
11.096,50.971,,
8.723,52.304,,
12.851,51.373,,
11.786,51.096,,
11.239,52.647,,
9.454,51.165,,
8.982,51.774,,
12.236,51.043,,
9.741,50.089,,
11.398,47.759,,
9.862,53.085,,
12.114,49.993,,
9.243,53.664,,
11.639,50.146,,
9.706,48.399,,
10.229,53.155,,
10.935,51.458,,
11.745,50.495,,
13.063,51.433,,
11.225,51.892,,
10.68,51.164,,
11.263,48.928,,
8.633,49.581,,
12.697,52.216,,
9.171,50.386,,
8.066,52.133,,
10.401,53.09,,
12.416,51.46,,
10.794,50.115,,
10.58,51.553,,
11.365,50.973,,
9.763,50.495,,
9.416,50.77,,
7.934,48.544,,
10.806,48.952,,
10.904,51.342,,
9.657,52.423,,
12.791,50.426,,
8.842,50.261,,
11.64,50.257,,
11.45,52.51,,
10.48,51.773,,
11.02,49.726,,
8.705,49.365,,
8.276,48.524,,
10.859,51.248,,
6.798,51.275,,
9.359,51.444,,
8.524,52.422,,
8.506,50.665,,
7.906,50.299,,
9.247,50.471,,
11.773,50.161,,
8.73,51.51,,
8.422,52.679,,
13.02,50.329,,
10.991,48.211,,
11.536,49.673,,
11.062,50.068,,
10.653,51.048,,
8.444,50.174,,
11.876,50.023,,
11.611,48.473,,
9.327,52.012,,
10.749,51.406,,
10.026,52.647,,
10.579,49.821,,
13.981,49.623,,
10.579,50.729,,
9.39,51.106,,
12.594,52.133,,
9.198,50.826,,
11.435,50.996,,
12.436,48.816,,
9.815,51.501,,
11.037,50.777,,
8.869,51.886,,
9.744,50.911,,
10.333,50.182,,
10.622,52.334,,
7.739,49.873,,
12.376,48.666,,
12.199,50.485,,
13.144,49.604,,
8.524,50.708,,
11.095,51.738,,
9.592,50.262,,
10.879,49.512,,
11.13,49.369,,
10.337,49.89,,
9.895,50.51,,
9.703,51.958,,
7.72,51.431,,
9.481,49.546,,
7.484,52.113,,
8.583,49.768,,
6.951,51.758,,
10.191,49.243,,
11.82,50.017,,
7.445,50.769,,
10.764,52.08,,
10.444,50.923,,
9.616,52.793,,
13.482,49.941,,
11.149,51.188,,
11.076,53.717,,
11.109,49.944,,
10.704,51.371,,
9.443,52.075,,
8.868,52.99,,
10.757,51.325,,
11.396,53.232,,
10.048,52.277,,
10.606,53.363,,
9.657,50.553,,
10.058,49.889,,
9.324,49.714,,
9.816,55.272,,
11.888,48.809,,
9.837,50.011,,
11.269,48.664,,
9.836,52.03,,
10.577,51.583,,
6.885,51.244,,
11.023,49.802,,
10.839,50.455,,
10.013,50.471,,
3.364,56.093,,
5.522,54.143,,
4.557,54.902,,
4.14,54.842,,
4.927,52.701,,
5.607,54.784,,
4.864,55.68,,
5.617,55.66,,
5.366,53.856,,
6.727,54.732,,
2.968,54.214,,
5.388,53.392,,
7.034,50.514,,
4.207,53.376,,
3.11,55.381,,
3.991,55.631,,
3.589,53.393,,
1.756,54.502,,
6.577,53.657,,
6.675,54.728,,
5.984,55.785,,
3.52,55.818,,
3.375,53.677,,
6.947,52.316,,
2.677,54.186,,
3.465,54.037,,
4.75,55.207,,
4.977,51.71,,
2.847,54.305,,
5.988,53.574,,
4.362,53.432,,
5.003,52.684,,
4.715,54.506,,
4.759,57.743,,
5.027,55.655,,
7.431,50.756,,
3.849,54.348,,
2.248,53.985,,
5.088,52.898,,
2.916,54.18,,
4.382,53.067,,
3.581,58.08,,
2.707,55.155,,
4.962,56.531,,
2.326,53.879,,
4.41,54.098,,
2.875,55.177,,
5.539,55.039,,
2.796,57.052,,
7.335,54.395,,
5.489,52.708,,
4.492,56.754,,
2.056,56.061,,
6.689,53.87,,
5.902,53.527,,
5.359,54.762,,
7.002,54.536,,
6.57,55.309,,
5.909,54.502,,
4.118,53.6,,
4.081,56.221,,
3.662,53.763,,
4.418,56.325,,
4.995,57.057,,
7.625,54.059,,
5.729,53.643,,
5.509,54.479,,
2.512,53.861,,
5.781,54.701,,
3.499,55.206,,
4.78,56.332,,
6.726,55.91,,
4.567,55.033,,
3.933,54.316,,
4.329,53.012,,
6.046,55.497,,
5.418,54.124,,
5.759,55.028,,
5.97,54.618,,
5.664,54.114,,
6.835,55.281,,
5.026,55.207,,
4.332,56.121,,
6.236,54.262,,
4.946,55.08,,
4.356,55.423,,
5.755,53.627,,
4.231,53.432,,
4.453,53.923,,
5.516,56.043,,
5.268,56.645,,
4.567,55.451,,
3.441,55.616,,
4.911,53.538,,
6.503,53.356,,
3.746,53.927,,
4.245,55.965,,
4.413,54.165,,
4.159,54.035,,
4.115,53.15,,
6.251,55.245,,
5.389,54.87,,
6.666,54.03,,
2.575,54.211,,
4.749,55.593,,
2.996,55.489,,
3.594,53.609,,
5.764,53.896,,
5.192,52.602,,
0.005,0.499,,
7.7,54.988,,
5.77,53.331,,
4.235,54.556,,
4.731,54.238,,
4.877,55.291,,
4.023,57.278,,
3.874,55.784,,
5.255,52.393,,
6.228,55.206,,
5.618,54.536,,
2.659,55.959,,
4.084,54.843,,
4.524,56.226,,
4.061,54.024,,
3.597,52.748,,
6.267,57.098,,
3.944,55.58,,
2.596,56.386,,
6.21,54.578,,
4.785,54.895,,
5.536,54.428,,
5.945,52.615,,
4.028,55.483,,
4.222,57.392,,
5.088,53.006,,
5.378,55.302,,
6.635,57.985,,
6.044,55.199,,
3.305,55.031,,
5.133,53.898,,
4.636,57.162,,
5.065,57.069,,
4.26,54.579,,
4.761,54.969,,
4.711,53.314,,
6.752,54.903,,
6.702,54.483,,
4.405,54.784,,
7.579,54.208,,
3.6,53.791,,
10.256,60.907,,
8.676,57.719,,
9.383,61.34,,
10.156,60.841,,
8.627,63.762,,
12.376,62.842,,
12.048,59.831,,
10.279,57.681,,
11.465,61.289,,
9.589,60.754,,
8.002,60.609,,
10.364,61.512,,
12.948,60.162,,
12.277,61.976,,
8.576,60.303,,
12.546,60.499,,
7.951,59.432,,
9.986,60.034,,
10.939,58.346,,
9.893,59.586,,
12.095,64.166,,
6.646,63.005,,
11.091,61.195,,
10.95,57.6,,
10.93,60.322,,
11.468,61.95,,
8.554,60.761,,
10.663,59.125,,
9.431,62.3,,
9.966,59.064,,
6.693,60.43,,
12.09,59.869,,
10.936,61.184,,
12.124,60.279,,
11.187,58.843,,
8.71,58.937,,
10.102,60.364,,
10.616,60.683,,
11.579,58.617,,
8.521,59.545,,
12.11,59.455,,
9.117,60.001,,
14.665,60.436,,
8.431,61.105,,
11.971,59.851,,
12.613,59.379,,
10.372,57.097,,
11.306,60.035,,
10.198,58.488,,
11.721,61.075,,
10.69,61.867,,
11.511,62.215,,
8.638,60.548,,
9.347,61.512,,
8.446,60.6,,
10.53,56.564,,
10.726,60.737,,
10.334,60.937,,
11.226,57.861,,
10.802,56.031,,
12.622,58.547,,
10.938,62.519,,
11.21,58.343,,
13.252,62.021,,
12.559,59.819,,
8.908,59.029,,
12.93,62.857,,
10.57,63,,
8.778,63.637,,
13.836,60.414,,
8.24,60.831,,
10.21,58.723,,
12.347,61.746,,
10.963,57.947,,
10.824,61.369,,
9.766,58.973,,
9.432,61.396,,
11.631,59.714,,
10.722,61.544,,
11.103,60.003,,
12.424,58.655,,
11.681,59.832,,
13.039,61.888,,
9.932,59.316,,
11.412,64.537,,
10.853,62.937,,
9.972,60.044,,
11.616,60.575,,
10.434,61.086,,
10.993,59.91,,
9.534,61.767,,
12.15,59.18,,
9.933,59.269,,
13.206,62.465,,
7.821,61.712,,
10.844,63.287,,
13.096,62.112,,
12.171,61.128,,
13.063,59.7,,
10.031,61.025,,
12.335,58.115,,
11.878,60.429,,
10.39,61.299,,
10.336,60.916,,
8.238,58.683,,
13.779,60.968,,
13.348,60.275,,
11.955,59.006,,
8.673,62.255,,
12.822,62.138,,
8.471,61.739,,
9.954,60.705,,
11.436,59.452,,
12.43,62.195,,
10.457,61.257,,
9.639,62.038,,
11.068,58.255,,
9.73,63.026,,
9.817,60.728,,
8.339,61.08,,
10.669,61.473,,
10.438,63.245,,
9.52,60.139,,
8.957,61.191,,
11.134,60.627,,
12.965,61.972,,
9.21,59.309,,
9.829,61.696,,
10.746,62.172,,
10.595,61.783,,
8.28,57.997,,
7.644,61.816,,
11.776,61.448,,
13.598,63.186,,
9.058,60.416,,
10.2,62.166,,
10.536,62.434,,
11.719,61.142,,
9.996,61.355,,
11.775,61.142,,
9.033,63.414,,
9.287,62.954,,
9.049,59.37,,
10.457,58.942,,
9.647,59.886,,
8.754,61.242,,
11.165,59.822,,
8.828,59.102,,
8.879,59.244,,
10.002,61.399,,
